name,label
Equity Group,ORG
Ksh.15.4B,ORG
Content: Equity Group,ORG
the first quarter of 2025 ended March 31,DATE
Thursday,DATE
4 percent,PERCENT
2025-05-29T11:54:16Z,DATE
Bearish,PERSON
FREE,ORG
30 Day,DATE
Biztoc.com,ORG
2025-05-28T11:57:39Z,DATE
EPAM Systems Stock,ORG
UNLIMITED Watchlists,ORG
Screeners,ORG
Barchart Premier,PERSON
FREE,PERSON
2025-05-28T11:58:05Z,DATE
United Rentals Stock,ORG
"Analyst Estimates & Ratings
Content: Join",ORG
Strat,PERSON
2025-05-28T12:08:53Z,DATE
Meta’s Mark Zuckerberg Warns Colleges,PERSON
InterestHorizontal StrategiesButterfly Strategies,ORG
2025-05,DATE
Microsoft,ORG
Open InterestHorizontal StrategiesButterfly Strategie,ORG
https://biztoc.com/x/f5098ff7623f8f1c,ORG
2025-05-28T12:30:53Z,DATE
Wednesday,DATE
Poorer,ORG
https://biztoc.com/x/2882f02bb78f6b17,PERSON
"Salary Week
Content: The",DATE
Kenyan,NORP
U.S.,GPE
"Wednesday, May 28",DATE
Tuesday,DATE
2025-05-28T12:49:15Z,DATE
NB Private Equity Partners,ORG
07.00 am,QUANTITY
China,GPE
Pak USD 3.7 billion,ORG
Pakistan,GPE
Chinese,NORP
the end of June,DATE
"The Times of India
Publishedat",ORG
Less than $10/month,MONEY
Funds Screeners,PERSON
Barchart Plus,PERSON
InterestHorizontal StrategiesButterfly,ORG
2025-05-28T14:22:53Z,DATE
https://biztoc.com/x/917cfaf652f18d05,PERSON
Cleveland-Cliffs Marks,ORG
52-Week,DATE
https://biztoc.com/x/4820292ed1c54fd3,ORG
Palantir’s Stellar Rise: How High Can PLTR Stock Go,ORG
2025,DATE
Open InterestHorizontal StrategiesBu,PRODUCT
1 Rock-Solid Short Iron Condor,PERCENT
2025-05-28T14:33:49Z,DATE
Sell,PERSON
2025-05-28T14:33:56Z,DATE
Russian,NORP
Watchlists,NORP
Custom Views,ORG
Chart Templates,PERSON
Open InterestHorizontal StrategiesBut,ORG
EVP,ORG
"Financial Post
Publishedat",ORG
2025-05-28T16:11:32Z,DATE
2025-05-28T16:14:25Z,DATE
Irish,NORP
J1,CARDINAL
THE DEPARTMENT OF Foreign Affairs,ORG
US,GPE
+2443,CARDINAL
Amsterdam,GPE
"May 28, 2025",DATE
SBM Offshore,PERSON
EUR141 million,MONEY
150,MONEY
"May 22, 2025 through",DATE
https://www.globenewswire.com/news-release/2025/05/28/3089825/0/en/Weekly-share-repurchase-program-transaction-details.html,PERSON
Tightens Grip,PERSON
Goldman Sachs,ORG
UK,GPE
Simon Watkins,PERSON
12:00 PM CDTChinas Geo-Jade Petroleum,TIME
OilPrice.com,CARDINAL
Kuami Eugene Begs Mahama,PERSON
Kuami Eugene,PERSON
Ghanaian,NORP
John Dramani Mahama,PERSON
2025-05-28T17:16:12Z,DATE
https://yen.com.gh/entertainment/celebrities/284302-kuami-eugene-begs-mahama-dollar-depreciation-slow-small/,PERSON
Roman,NORP
RBI,ORG
2025-05-28T17:26:59Z,DATE
"Spring Wheat Rallying
Content",ORG
https://biztoc.com/x/0829fdcfe0ac8b37,PERSON
Open InterestHorizontal StrategiesButt,PRODUCT
2025-05-28T17:32:32Z,DATE
Cotton Backing,PERSON
Vietnamese,NORP
Thailand,GPE
300,MONEY
30-year,DATE
"2,600",CARDINAL
$300 million,MONEY
Asia,LOC
2025-05-28T17:41:09Z,DATE
2025-05-28T17:43:29Z,DATE
"110,000",MONEY
2025-05-28T18:05:56Z,DATE
ASCI’s,ORG
2024-25,DATE
the Advertising Standards Council of India's,ORG
Annual,DATE
Nat-Gas Prices Sink Ahead of,ORG
Friday,DATE
John Rowland,PERSON
2025-05-28T19:35:52Z,DATE
IPO,ORG
2025-05-28T19:36:04Z,DATE
Hawkish,NORP
https://biztoc.com/x/daa56d58c45330b6,PERSON
Iranian,NORP
Freddie Mac Stock,ORG
Trump,ORG
Harvard,ORG
the Australia-New Zealand,ORG
the past week,DATE
ABC News,ORG
2025-05-28T20:35:20Z,DATE
"Koh Ewe
",GPE
Donald Trump,PERSON
America,GPE
"BBC News
Publishedat",ORG
Minutes,TIME
the Federal Open Market Committee - Forex Factory,ORG
"Slashdot.org
Publishedat",ORG
https://slashdot.org/firehose.pl?op=view&amp;id=177837891,PERSON
the First Quarter 2025,DATE
Fathers Day,DATE
Snake Belly Cuff,FAC
the Steering Wheel Pen,ORG
2025-05-28T21:08:39Z,DATE
2025-05-28T22:23:24Z,DATE
https://biztoc.com/x/dc20e6505f345970,PERSON
5,CARDINAL
2025-05-28T23:41:04Z,DATE
Today,DATE
KATHMANDU,PERSON
Nepal Rastra Bank,ORG
one US dollar,MONEY
136.28,CARDINAL
third,ORDINAL
quarterly,DATE
The Nepal Rastra Bank,ORG
NRB,ORG
this week,DATE
50%+,CARDINAL
6 Months,DATE
forex fluctuation benefit,ORG
the Income Tax Act,LAW
1961,DATE
2025-05-29T03:32:00Z,DATE
Aayush Jindal,ORG
15 illustrious years,DATE
Forex,ORG
+3011,ORG
7,CARDINAL
85.45,CARDINAL
American,NORP
+1441,NORP
ADA,ORG
2025-05-29T04:48:37Z,DATE
Fifth,ORDINAL
NASDAQ,ORG
Five,CARDINAL
Fifth Third Bancorp,ORG
two,CARDINAL
NAS,ORG
DAQ,ORG
"Daily News
Publishedat",ORG
2025-05-29T05:43:03Z,DATE
https://www.etfdailynews.com/2025/05/29/fifth-third-bancorp-nasdaqfitb-vs-five-star-bancorp-nasdaqfsbc-head-to-head-survey/,PERSON
Analyzing Regions Financial,ORG
NYSE,ORG
Hawthorn Bancshares,PERSON
HWBK,ORG
2025-05-29T05:43:07Z,DATE
27.3%,PERCENT
2.69,CARDINAL
Stock Score,ORG
Upside potential &amp,ORG
BigBull Porfolio,PERSON
Ge,ORG
three-month,DATE
31 March 2025,DATE
Serabi Gold plc,ORG
Serabi,ORG
TSX,ORG
SBI,ORG
OTCQX,ORG
Brazilian,NORP
https://www.globenewswire.com/news-release/2025/05/29/3090047/0/en/Unaudited-interim-results-for-the-three-month-period-ended-31-March-2025.html,PERSON
Lisa Micali,PERSON
2025-05-29T06:00:53Z,DATE
"the Quarter Ended March 31, 2025",DATE
"May 29, 2025",DATE
GLOBE NEWSWIRE,ORG
Galantas Gold Corporation,ORG
"the Quarter ended March 31, 2025",DATE
F,PRODUCT
+7696,NORP
2025-05-29T06:00:59Z,DATE
https://financialpost.com/globe-newswire/galantas-report-financial-results-for-the-quarter-ended-march-31-2025,GPE
a week ahead,DATE
Monetary Policy,ORG
just a week,DATE
Monetary Policy Committee,ORG
MPC,ORG
the Reserve Bank of India,ORG
2025-05-29T06:44:18Z,DATE
https://economictimes.indiatimes.com/news/economy/policy/rbi-somewhat-shows-its-hand-on-rate-setting-game-a-week-ahead-of-monetary-policy-meet/articleshow/121481981.cms,ORG
Indonesia,GPE
Jakarta,GPE
ANTARA,ORG
Sahat Manaor Panggabean,PERSON
the Indonesian Quarantine Agency,ORG
ANT/ARA',ORG
Antaranews.com,ORG
2025-05-29T07:22:34Z,DATE
Fedspeak,LANGUAGE
the second day in a row,DATE
daily,DATE
Aurora Mobile Limited,ORG
First Quarter 2025,DATE
"Unaudited Financial Results
Content",ORG
SHENZHEN,GPE
Chi,PERSON
https://www.globenewswire.com/news-release/2025/05/29/3090062/0/en/Aurora-Mobile-Limited-Announces-First-Quarter-2025-Unaudited-Financial-Results.html,PERSON
CNBC,ORG
Inside India,ORG
India,GPE
fourth,ORDINAL
"Inside India""",WORK_OF_ART
One,CARDINAL
+4905,CARDINAL
Yugatech.com,ORG
2025-05-29T07:55:50Z,DATE
https://biztoc.com/x/632a987e007f121e,NORP
"381,000",MONEY
Comerica Incorporated,ORG
LLC,ORG
the fourth quarter,DATE
the Securities &amp,ORG
Ex,PERSON
78,CARDINAL
"10:15 77,97",DATE
10:30  ,TIME
2025-05-29T08:06:46Z,DATE
79,CARDINAL
2,CARDINAL
INFOX,GPE
1027739124775,DATE
127018,DATE
3,CARDINAL
1 19992025,CARDINAL
2025-05-29T08:11:20Z,DATE
$10M,MONEY
the Stablecoin Payment Account,ORG
Activant Capital,ORG
Fuel Ventures,ORG
Triton,PERSON
Taiwan,GPE
"CNA
Publishedat",ORG
2025-05-29T09:41:14Z,DATE
Tribe,ORG
Finmo,PERSON
Apac,ORG
Europe,LOC
Tribe Payments,ORG
Treasury,ORG
TOS,ORG
Finmo,ORG
treasury,ORG
Upbeat Nvidia Earnings,ORG
Fed Speak,ORG
2025-05-29T10:03:19Z,DATE
UK Mobile Casinos,ORG
Rolletto Named the Best Mobile Casino Website,ORG
Rolletto,PERSON
2025-05-29T10:15:00Z,DATE
https://www.globenewswire.com/news-release/2025/05/29/3090137/0/en/UK-Mobile-Casinos-2025-Rolletto-Named-the-Best-Mobile-Casino-Website-for-UK-Players.html,PERSON
Indian,NORP
2025-05-29T10:16:46Z,DATE
Nasdaq,ORG
2025-05-29T10:25:32Z,DATE
Kraken Robotics Reports,ORG
JOHN'S,PERSON
Newfoundland,GPE
Labrador,GPE
Kraken Robotics Inc.,ORG
KRKNF,ORG
Kraken,WORK_OF_ART
https://www.globenewswire.com/news-release/2025/05/29/3090141/0/en/Kraken-Robotics-Reports-Q1-2025-Financial-Results-and-Reiterates-2025-Guidance.html,PERSON
Portfolio,PERSON
up to 4,CARDINAL
78 . 2023,DATE
2024,DATE
29,CARDINAL
56,CARDINAL
80 ./$,CARDINAL
11,CARDINAL
70,DATE
2025-05-29T10:40:07Z,DATE
Rupee,ORG
10,CARDINAL
85.48,CARDINAL
85.48 (provisional,MONEY
April 2,DATE
U,ORG
2025-05-29T10:50:02Z,DATE
The Reserve Bank of India,ORG
2025-05-29T10:52:18Z,DATE
40%,PERCENT
Marvell Stock,ORG
2025-05-29T11:10:06Z,DATE
8.2%,PERCENT
76.25,MONEY
33%,PERCENT
76.25,CARDINAL
nearly 33,CARDINAL
March 2025,DATE
2.7,CARDINAL
2025-05-29T11:21:08Z,DATE
2025-05-29T11:21:13Z,DATE
UnitedHealth Group's,ORG
Healthcare,ORG
https://biztoc.com/x/843f4ac83a57ad50,NORP
Japan,GPE
Group of Seven,ORG
the International Monetary Fund,ORG
2025-04,DATE
Swedish,NORP
Rickard Nordin,PERSON
Bitcoin,PERSON
Riksdag,ORG
2025-04-09T09:30:25Z,DATE
60%,PERCENT
2009,DATE
21,CARDINAL
BlackRock Fidelity,ORG
70,MONEY
2021,DATE
"69,000",MONEY
2022,DATE
"16,000",MONEY
"70,000",MONEY
2025-04-09T10:12:15Z,DATE
Jason Snell,PERSON
Cont,GPE
Lazarus Chakwera,PERSON
"Wednesday, April 9, 2025",DATE
Tobacco Marketing Season at,ORG
Auction Holdings Limited,ORG
Kanengo,GPE
Maravipost.com,ORG
2025-04-09T10:52:22Z,DATE
the year ended 31 December 2024,DATE
44%,PERCENT
£128.8 million,MONEY
Fiscal 2024,DATE
$68.0 million,MONEY
Q4 2024,DATE
$63.4 million,MONEY
Q4 2023,DATE
7.2%,PERCENT
61.3%,PERCENT
270,CARDINAL
58.6%,PERCENT
2025-04-09T11:00:55Z,DATE
DARPA,ORG
the Quantum Computing Company,ORG
Buy IONQ Stock,ORG
Dip,PERSON
2025-04-09T11:14:28Z,DATE
naira,GPE
The Federal Executive Council,ORG
Naira,GPE
The Ministry of Finance,ORG
Q1-2025,CARDINAL
"13.2 million pounds
",MONEY
2025,CARDINAL
62.9 million pounds,MONEY
annual,DATE
Q1-2025,DATE
2025-04-09T11:30:00Z,DATE
Amazon.com,ORG
Solid Revenue Growth,ORG
Lakehouse Capital,ORG
Sydney,GPE
Lakehouse Global Growth Fund,ORG
February 2025,DATE
February,DATE
"Yahoo Entertainment
Publishedat",ORG
IMF,ORG
$20 billion,MONEY
Argentina,GPE
The International Monetary Fund,ORG
Javier Milei,PERSON
"NBC News
Publishedat",ORG
The Bank of Ghana,ORG
October 2024,DATE
Latin American,NORP
dLocal,ORG
Cloudbeds,ORG
Thai,NORP
Southeast Asia,LOC
2025-04-09T12:00:00Z,DATE
8,CARDINAL
early 2021,DATE
61,MONEY
57.22,MONEY
15%,PERCENT
+2422,ORG
Align Technology's,ORG
Q1 2025,DATE
https://biztoc.com/x/c0c483b6bcee2e9d,PERSON
This 1 European Company,ORG
2025-04-09T12:09:34Z,DATE
https://biztoc.com/x/d5c1b0f1961e7056,PERSON
Calm Peso Selloff,PERSON
Bloomberg,ORG
Marcelo Cervigni,PERSON
thousands,CARDINAL
Argentine,NORP
the year,DATE
Argentinian,NORP
Javier Milei's,PERSON
+7251,ORG
"Project Syndicate
Publishedat",ORG
2025-04-09T12:30:56Z,DATE
Masco,PERSON
Quarterly Earnings,ORG
Expect From Boston Scientific’s,ORG
https://biztoc.com/x/840370484eed5318,ORG
"Kick Off Wednesday Trade
Content",PERSON
2025-04-09T12:42:14Z,DATE
https://biztoc.com/x/694d6656e271af28,NORP
EU,ORG
ASEAN,ORG
Trump Tariffs,PERSON
Morning,TIME
2025-04-09T12:42:39Z,DATE
https://biztoc.com/x/58098acc40aa2f7a,PERSON
Cotton Mixed,PERSON
Early Wednesday,DATE
McKinley,ORG
Lincoln,ORG
Ellen Brown,PERSON
Trump,PERSON
Republican,NORP
William McKinley,PERSON
Trumps,PERSON
+18291,CARDINAL
2.4 trillion,CARDINAL
14 months,DATE
the Nepal Rastra,FAC
the House of Representatives,ORG
Puan Maharani,PERSON
2025-04-09T13:05:29Z,DATE
2025-04-09T13:44:28Z,DATE
https://www.livemint.com/opinion/online-views/rbi-rate-cut-monetary-policy-accommodative-stance-us-tariffs-uncertainty-inflation-economic-growth-rupee-volatility-11744201604457.html,PERSON
The Federal Government,ORG
"Forex University Launches Comprehensive Educational Platform for Currency Trading Beginners
Content",ORG
New York,GPE
NY,GPE
"April 09, 2025",DATE
Forex University,ORG
https://www.globenewswire.com/news-release/2025/04/09/3058559/0/en/Forex-University-Launches-Comprehensive-Educational-Platform-for-Currency-Trading-Beginners.html,PERSON
Megacap Technology,ORG
2025-04-09T14:22:03Z,DATE
20.93bn,MONEY
The Central Bank of Nigeria,ORG
8.9 per cent,MONEY
year-on-year,DATE
Wednesda,ORG
2025-04-09T14:22:38Z,DATE
$23 billion,MONEY
Content: Budget,ORG
the past few months,DATE
the People's Consultative Assembly,ORG
MPR,ORG
Ahmad Muzani,PERSON
Sanjay Malhotra,PERSON
42,CARDINAL
about 42,CARDINAL
86.6875 per dollar,MONEY
https://www.thehindubusinessline.com/markets/forex/rupee-sheds-42-paise-against-dollar/article69432177.ece,GPE
Americas,LOC
first,ORDINAL
monthly,DATE
2025-26,DATE
25,CARDINAL
6 per cent,MONEY
2025-04-09T15:34:35Z,DATE
three-week,DATE
86.68 per dollar,MONEY
+1085,ORG
United States,GPE
"April 2, 2025",DATE
2025-04-09T15:55:21Z,DATE
Tinubu,PERSON
NNPC,ORG
Dangote,PERSON
Nigerian,NORP
"Premium Times
Publishedat",ORG
2025-04-09T15:55:52Z,DATE
https://www.premiumtimesng.com/business/business-news/786852-crude-for-naira-tinubus-aides-meet-with-dangote-nnpc-reach-agreement.html,PERSON
2025-04-09T16:14:01Z,DATE
Nutshell,PERSON
Khabarhub,PERSON
the day,DATE
Nepal,GPE
RSP,ORG
Rabi Lamichhanes,ORG
2025-04-09T16:15:22Z,DATE
Amazon Cancels Orders,ORG
Amazon,ORG
Asian,NORP
Donald Trumps,PERSON
the United States,GPE
2025-04-09T16:38:36Z,DATE
https://www.pymnts.com/amazon/2025/amazon-cancels-orders-from-multiple-vendors-after-tariffs-announcement/,PERSON
"Newsweek
Publishedat",ORG
2025-04-09T16:49:15Z,DATE
Trump Tanks,PERSON
Bitwise Chief Investment Officer (CIO,ORG
Matt Hougan,PERSON
Cotton Sneaking Higher,PERSON
https://biztoc.com/x/06330024656e333e,ORG
"Trade War Escalates
Content",ORG
Pfizer Put Options Signals Investors',ORG
"Bearish Outlook
Content",PERSON
Contra los criptobros:,ORG
las finanzas,GPE
que logren,PERSON
un,ORG
Lo,PERSON
+6652,ORG
Sputnik,PERSON
50%,PERCENT
New China Tariffs,ORG
$1.25 Billion,MONEY
Benzinga,PERSON
CRY,ORG
PTO,ORG
https://finance.yahoo.com/news/ripple-acquires-prime-broker-hidden-183043137.html,PERSON
New Delhi,GPE
don,PERSON
Slump,ORG
The North West Company Inc.,ORG
Fourth Quarter,DATE
Quarterly,DATE
WINNIPEG,ORG
Manitoba,GPE
NWC,ORG
today,DATE
Up to 23%,PERCENT
Deutsche Bank,ORG
George Saravelos,PERSON
Deutsche Bank’s,ORG
North West,LOC
2025-04-09T19:16:21Z,DATE
https://financialpost.com/globe-newswire/the-north-west-company-inc-announces-fourth-quarter-earnings-and-a-quarterly-dividend-3,PERSON
second,ORDINAL
nearly five years,DATE
"US Tariff Pause
Content: Jump-Start Your Search For Promising Trade Ideas With Barchart Premiers",ORG
1.25B,MONEY
XRP,CARDINAL
XRP,ORG
9.50%,PERCENT
decline.</li><li>XRP,PERSON
20%,PERCENT
1.50,MONEY
1.95,MONEY
https://ambcrypto.com/ripples-1-25b-hidden-road-deal-will-it-revive-xrp-prices/,CARDINAL
Lakeland Industries Reports,ORG
Fiscal Fourth Quarter and Full Year 2025,DATE
Q425,CARDINAL
49%,PERCENT
226%,PERCENT
Fire Services Products,ORG
34%,PERCENT
$167.2 Million,MONEY
67%,PERCENT
18.7,MONEY
https://www.globenewswire.com/news-release/2025/04/09/3058849/0/en/Lakeland-Industries-Reports-Fiscal-Fourth-Quarter-and-Full-Year-2025-Financial-Results.html,PERSON
4bn,MONEY
"the Ministry of Industry, Trade and Investment",ORG
YoY,ORG
"third consecutive quarter
",DATE
Richardson Electronics,ORG
the fourth consecutive quarter,DATE
2025-04-09T22:21:14Z,DATE
Hogs Rally,PERSON
"Tariff Pause
Content: Barchart",ORG
2025-04-09T22:21:32Z,DATE
Hidden Road,PERSON
Ripple Labs Inc.,ORG
Hidden Road Inc.,ORG
$1.25 billion,MONEY
2018,DATE
Hidden Road,FAC
+3288,NORP
"SiliconANGLE News
Publishedat",ORG
2025-04-09T23:07:36Z,DATE
9.5,MONEY
FX,ORG
Kam Industries Nigeria Limited,ORG
the Federal High Court,ORG
Lagos,GPE
Mareva,LOC
favou,ORG
2025-04-10T00:20:44Z,DATE
NPR 138.41,ORG
sta,PERSON
2025-04-10T01:15:06Z,DATE
https://english.khabarhub.com/2025/10/456770/,NORP
Nepal’s Business News,ORG
2025-04-10T02:15:00Z,DATE
Ukraine,GPE
23%,PERCENT
up to 23%,PERCENT
2025-04-10T02:21:18Z,DATE
may fall,DATE
Nigerians,NORP
Premium Motor Spirit,ORG
2025-04-10T02:24:35Z,DATE
"more than 2,000",CARDINAL
Tokyo,GPE
decis,PERSON
2025-04-10T02:38:41Z,DATE
Mahavir Jayanti,PERSON
BSE,ORG
the National Stock Exchange,ORG
"today, April 10",DATE
Bitcoin Ownership Patterns,ORG
Edyme,ORG
2025-04-10T03:30:13Z,DATE
Share Insights,PERSON
Vanuatu,PERSON
Vantage Markets,ORG
April 9-10,DATE
Mexico City,GPE
one,CARDINAL
2025-04-10T03:48:18Z,DATE
https://en.antaranews.com/news/351225/vantage-markets-to-share-insights-and-innovation-at-ifx-expo-latam-2025,GPE
"Trump’s Reciprocal Tariffs
Content",ORG
April 3,DATE
half,CARDINAL
2025-04-10T04:00:00Z,DATE
2025-04-10T04:08:46Z,DATE
ceł,PERSON
UE,GPE
Tak,PERSON
wygląda kurs,FAC
5:43,TIME
1,CARDINAL
Tymczasem,PERSON
Chiny,NORP
2025-04-10T04:36:17Z,DATE
"https://natemat.pl/599396,kurs-euro-tak-wyglada-sytuacja-tej-waluty-10-kwietnia",GPE
2-Year,DATE
2025-04-10T05:00:34Z,DATE
RY,ORG
EPS,ORG
"National Bank Financial
Content",ORG
Royal Bank of Canada,ORG
TSE,ORG
National Bank Financial,ORG
Royal Bank of Canad,ORG
2025-04-10T05:20:46Z,DATE
2025-04-10T05:49:06Z,DATE
https://www.livemint.com/money/personal-finance/how-to-convert-icici-credit-card-purchases-into-easy-emis-a-step-by-step-guide-11743152761925.html,PERSON
iMobile,ORG
2025-04-10T05:56:43Z,DATE
CMTX,ORG
"Performant Healthcare, Inc.",ORG
COMTEX News Network,ORG
TEX,ORG
2025-04-10T06:07:15Z,DATE
Las 6,NORP
año de matices,ORG
enfrentan,NORP
el que,ORG
las decisi,GPE
Libremercado.com,ORG
2025-04-23T08:01:21Z,DATE
Dublin,GPE
"April 23, 2025",DATE
"The ""World Trade REF - Trade and Compliance Simplified",WORK_OF_ART
ResearchAndMarkets.com,ORG
REF,ORG
140,CARDINAL
2025-04-23T08:06:00Z,DATE
LDC,ORG
Global Times,ORG
Chu Daye,PERSON
Ma Tong,PERSON
"23, 2025",DATE
hundreds,CARDINAL
Washington,GPE
2025-04-23T08:07:35Z,DATE
K With Funding Rates Indicating,ORG
La SEC,ORG
200,CARDINAL
Valores,PERSON
SEC,ORG
los fiscales,PERSON
han,NORP
creó,PERSON
90.000,CARDINAL
2025-04-23T09:00:00Z,DATE
AP,ORG
the U.S. Federal Reserve,ORG
CAC,ORG
40,CARDINAL
2.1%,PERCENT
2025-04-23T09:34:45Z,DATE
Mullen Group Ltd.,ORG
First,ORDINAL
Alberta,GPE
MTL,ORG
Canada,GPE
2025-04-23T10:00:00Z,DATE
Oracle,ORG
730,MONEY
18 months,DATE
730 million,CARDINAL
the past 18 months,DATE
Oracle EMEA Limited,ORG
"The Irish Times
Publishedat",ORG
Barchart.com,ORG
InterestHorizonta,ORG
2025-04-23T10:26:23Z,DATE
2025-04-23T10:26:52Z,DATE
Henry Schein's,PERSON
2025-04-23T10:37:38Z,DATE
https://biztoc.com/x/03d18edf83aca147,PERSON
KKR & Co.’s,ORG
2025-04-23T10:37:39Z,DATE
Рубль,GPE
переговоров в,ORG
The Moscow Times,ORG
23,CARDINAL
"1,5%",PERCENT
"83,1",CARDINAL
"2,2%",PERCENT
"94,5",CARDINAL
2%,PERCENT
3000,CARDINAL
2900,DATE
"3,2%",PERCENT
"3,1%",PERCENT
"2,9%",PERCENT
3%,PERCENT
2025-04-23T10:44:00Z,DATE
"Expect From Welltower’s Next Earnings Report
Content: Barchart Premier",WORK_OF_ART
NEW YORK,GPE
"Virtu Financial, Inc.",ORG
https://www.globenewswire.com/news-release/2025/04/23/3066237/30815/en/Virtu-Announces-First-Quarter-2025-Results.html,PERSON
Village Farms International to Report Q1 2025 Results,ORG
"May 6, 2025",DATE
Village Farms Clean Energy,ORG
Atlanta,GPE
Terreva Renewables,ORG
Delta,LOC
VFCE,ORG
2025-04-23T11:01:05Z,DATE
2 ‘Strong,CARDINAL
More Than 20%,PERCENT
$198M,MONEY
"Hex’s Richard Heart
",ORG
The US Securities and Exchange Commission,ORG
2025-04-23T11:15:17Z,DATE
https://cryptoslate.com/sec-cracks-down-on-new-198m-crypto-fraud-as-it-drops-case-against-hexs-richard-heart/,ORG
2025-04-23T11:21:45Z,DATE
MIAMI,ORG
"Watsco, Inc.",ORG
"the first quarter ended March 31, 2025",DATE
2025-04-23T11:30:00Z,DATE
https://www.globenewswire.com/news-release/2025/04/23/3066264/0/en/Watsco-s-First-Quarter-Reflects-Large-Scale-Product-Transition-Strong-Sales-Growth-and-Expanded-Margins-in-Core-Replacement-Market.html,PERSON
2025-04-23T11:32:43Z,DATE
82%,PERCENT
This Year,DATE
2025-04-23T11:32:53Z,DATE
https://biztoc.com/x/8418f16b36aef1aa,NORP
Fidelity National's,ORG
2025-04-23T11:33:09Z,DATE
Crypto Wallet & Exchange,ORG
"Digital & Traditional Markets
Content",ORG
fiat,ORG
Ramil Palafox,PERSON
$57 million,MONEY
"Over 400,000",CARDINAL
2025-04-23T11:45:34Z,DATE
2 weeks,DATE
two weeks,DATE
2025-04-23T12:05:40Z,DATE
Franklin Resources',ORG
2025-04-23T12:16:56Z,DATE
ON Semiconductor's,ORG
2025-04-23T12:27:49Z,DATE
Expect From Electronic Arts',WORK_OF_ART
2025-04-23T12:28:04Z,DATE
Rockwell Automation's,ORG
2025-04-23T12:39:16Z,DATE
Devon Energy's,PERSON
2025-04-23T12:39:28Z,DATE
2025-04-23T12:39:32Z,DATE
2025-04-23T12:39:36Z,DATE
2025-04-23T12:39:40Z,DATE
10%,PERCENT
more than 348 million,CARDINAL
2025-04-23T12:40:00Z,DATE
https://www.hospitalitynet.org/opinion/4126844.html,PERSON
coming decades,DATE
1913,DATE
2025-04-23T13:38:53Z,DATE
"June 11, 2025",DATE
Ivry sur Seine,ORG
France,GPE
5:45 p.m.,TIME
"CEST
GOOD SALES",PERSON
"JUNE 11, 2025",DATE
"2,314",CARDINAL
+29%,GPE
2025-04-23T15:45:00Z,DATE
2025-04-23T15:47:17Z,DATE
1,MONEY
2030,DATE
APEDA,ORG
2025-04-23T16:28:40Z,DATE
soldi,ORG
"bella vita - visionedigitale.it
",PERSON
penso adesso mi vergogno,PERSON
16,CARDINAL
anni,NORP
hanno guadagnato,PERSON
non li ho mai nemmeno,PERSON
incontrati,GPE
2025-04-23T16:44:23Z,DATE
Content,ORG
NAIROBI,ORG
April 23,DATE
Xinhua,ORG
Kenya,GPE
British,NORP
over a year,DATE
"The Star Online
Publishedat",WORK_OF_ART
2025-04-23T16:55:00Z,DATE
https://www.thestar.com.my/news/world/2025/04/24/kenyan-shilling-hits-year-low-against-euro-pound,PERSON
Luke Kirby,PERSON
Charlotte,GPE
Amy Sherman-Palladino,PERSON
The Marvelous Mrs. Maisel,WORK_OF_ART
22,CARDINAL
2023,DATE
New Yorkers,NORP
2025-04-23T17:00:00Z,DATE
2025-04-23T17:27:32Z,DATE
https://biztoc.com/x/7b49df18fbb43452,CARDINAL
Cotton Rallying,PERSON
Midday,TIME
2025-04-23T17:27:34Z,DATE
EUR130 million,CARDINAL
US$150 million,MONEY
equivalent1,PERSON
2025-04-23T17:40:00Z,DATE
Bretton Woods,PERSON
US Treasury,ORG
United States,ORG
Scott Bessent,PERSON
Tesla’s Auto Revenue,ORG
Q1,CARDINAL
https://biztoc.com/x/79bab11a0d1d5315,ORG
2027,DATE
2025-04-23T18:34:02Z,DATE
2025-04-23T18:45:08Z,DATE
https://biztoc.com/x/bd17727c3d3adc1c,PERSON
Rupee,PERSON
85.44,CARDINAL
MUMBAI,ORG
85.44,DATE
BAI,ORG
200,MONEY
The U.S. Securities and Exchange Commission,ORG
PGI Global,ORG
2025-04-23T19:30:27Z,DATE
$114.6 million,MONEY
$151.6 million,MONEY
the same prior year,DATE
$56.0 million,MONEY
$92.8 million,MONEY
Q1 20,DATE
2025-04-23T20:05:00Z,DATE
2025-04-23T20:14:04Z,DATE
Interparfums,ORG
2025 First Quarter,DATE
Interparfums,GPE
NASDAQ GS:,ORG
Interparfums,NORP
Company,ORG
https://www.globenewswire.com/news-release/2025/04/23/3066907/7735/en/Interparfums-Inc-Reports-Record-2025-First-Quarter-Sales.html,GPE
Jeffrey B. Dawson,PERSON
Hunter L. Clark,PERSON
2025-04-23T20:40:03Z,DATE
TORONTO,GPE
First Quantum Minerals Ltd.,ORG
First Quantum,ORG
2025-04-23T21:01:00Z,DATE
https://www.globenewswire.com/news-release/2025/04/23/3066963/0/en/First-Quantum-Minerals-Reports-First-Quarter-2025-Results.html,GPE
the Consolidated Statement of Earnings,ORG
C1,ORG
2025-04-23T21:05:00Z,DATE
"First Quarter Unaudited Financial Results
Content",ORG
CALGARY,GPE
+69601,ORG
2025-04-23T21:30:00Z,DATE
https://www.globenewswire.com/news-release/2025/04/23/3066976/0/en/Precision-Drilling-Announces-2025-First-Quarter-Unaudited-Financial-Results.html,PERSON
2025-04-23T22:16:23Z,DATE
https://biztoc.com/x/3fa77ef79158a5ac,ORG
Cotton Rally,PERSON
2025-04-23T22:16:25Z,DATE
https://biztoc.com/x/c05e8487cc6cab6a,PERSON
2025-04-23T22:16:28Z,DATE
2025-04-23T22:16:42Z,DATE
Con Artist,PERSON
"Crypto, Forex Firm Owner",ORG
$200 million,MONEY
"90,000",CARDINAL
Philipp,NORP
2025-04-23T22:30:49Z,DATE
Sales Results,PERSON
Maracás Menchen Mine,ORG
Brazil,GPE
2025-04-23T23:21:30Z,DATE
https://financialpost.com/pmn/business-wire-news-releases-pmn/largo-reports-q1-2025-production-and-sales-results-provides-update-on-operational-turnaround-plans,NORP
LTIMindtree’s,ORG
2.5%,PERCENT
Groups,ORG
January-March quarter,DATE
BluSmart,ORG
Zomato,PERSON
BluSmarts,ORG
Grant Thorntonto,ORG
ETtech Morning Dispatch,LAW
2025-04-24T01:27:00Z,DATE
136.38,CARDINAL
2025-04-24T01:33:09Z,DATE
"Canadian Cruise Markets
Content",ORG
SHERIDAN,ORG
WYOMING,GPE
CruiseHub,ORG
2025-04-24T02:48:00Z,DATE
Selling Shareholders,ORG
Switzerland,GPE
"April 24, 2025",DATE
Sportradar Group AG,ORG
Sportradar,PERSON
https://www.globenewswire.com/news-release/2025/04/24/3067038/0/en/Sportradar-Announces-Pricing-of-Public-Offering-of-Class-A-Ordinary-Shares-by-Selling-Shareholders-and-Concurrent-Share-Repurchase.html,PERSON
2025-04-24T04:08:16Z,DATE
+5302,ORG
2025-04-24T04:15:18Z,DATE
https://www.euractiv.com/section/economy-jobs/news/its-very-scary-how-trumps-fed-attacks-could-affect-the-eu/,NORP
4,CARDINAL
World Bank's ',ORG
The World Bank,ORG
four,CARDINAL
Bharti Enterprises,ORG
Sunil Mittal,PERSON
two-day,DATE
Mond,ORG
+1484,ORG
"Bloomberg
Publishedat",ORG
2025-04-24T04:23:26Z,DATE
85.67,CARDINAL
+2270,CARDINAL
Bank of Korea,ORG
South Korea,GPE
Rhee Chang Yong,PERSON
STMicroelectronics,ORG
STMicroelectronics Reports,ORG
$2.52 billion,MONEY
33.4%,PERCENT
$3 million,MONEY
56,MONEY
million</li><l,PERSON
2025-04-24T05:00:00Z,DATE
Teck Reports,PERSON
VANCOUVER,GPE
British Columbia,GPE
Teck Resources Limited,ORG
TECK.B,ORG
Teck,PERSON
first quarter,DATE
2025-04-24T05:02:00Z,DATE
"Three months ended March 31,</td></tr><tr><td>(CAD$",DATE
EBI/TDA',ORG
2025-04-24T05:07:05Z,DATE
DOGE,ORG
0.1650,MONEY
Horizon,LOC
2025-04-24T05:08:51Z,DATE
Northern Trust,ORG
Northern Trust Co.,ORG
86.78,MONEY
2025-04-24T05:13:14Z,DATE
IBKR,ORG
207.88,MONEY
"Interactive Brokers Group, Inc.",ORG
Moderate Buy,WORK_OF_ART
eight,CARDINAL
https://www.etfdailynews.com/2025/04/24/brokerages-set-interactive-brokers-group-inc-nasdaqibkr-target-price-at-207-88/,PERSON
EUR,ORG
Content: PRESS RELEASE,ORG
"April 24, 2025
",DATE
Q1 2025 Key,WORK_OF_ART
+33964,NORP
2025-04-24T05:30:55Z,DATE
Indus Water Treaty,WORK_OF_ART
the Indus Water Treaty,LAW
at least four,CARDINAL
2025-04-24T05:34:44Z,DATE
the Federal Reserve,ORG
"ABC News
Publishedat",ORG
2025-04-24T05:42:17Z,DATE
"Cboe Global Markets, Inc.",ORG
CBOE,ORG
ten,CARDINAL
Marketbeat Ratings,ORG
Two,CARDINAL
analys,PERSON
2025-04-24T06:04:58Z,DATE
Revolut,ORG
922,MONEY
last year,DATE
£790 million,MONEY
922 million,CARDINAL
London,GPE
+2919,DATE
2025-04-24T06:10:01Z,DATE
Regions Financial Co.,ORG
Davidson,PERSON
Q2 2025,DATE
Regions Financial,ORG
"Monday, April 21st",DATE
DA Davidson,ORG
P. Wi,PERSON
"The Japan Times
Publishedat",ORG
https://www.japantimes.co.jp/business/2025/04/24/economy/yen-kato-bessent/,PERSON
Daiwa Securities Group,ORG
"Risk
Daiwa Securities Group",ORG
0.55,CARDINAL
45%,PERCENT
500,CARDINAL
Else Nutrition,PERSON
0.58,CARDINAL
Moody’s,ORG
IndusInd Bank,ORG
2 months,DATE
Sensex and Nifty Track,WORK_OF_ART
ETMarkets,ORG
Telegram,ORG
2025-04-24T06:42:43Z,DATE
https://biztoc.com/x/f7c8b98748c41492,PERSON
Occidental Petroleum's,ORG
2025-04-24T06:44:48Z,DATE
TransDigm Group Earnings,ORG
2025-04-24T06:44:53Z,DATE
CME Group Inc.,ORG
CME,ORG
sixteen,CARDINAL
Four,CARDINAL
analy,GPE
2025-04-24T06:54:51Z,DATE
LONDON,GPE
Global Crypto Awards,WORK_OF_ART
PR Newswire UK,ORG
JPMorgan Chase & Co.,ORG
JPMorgan Chase &amp,ORG
2025-04-24T07:10:59Z,DATE
HELSINKI,ORG
UPM-Kymmene Corporation Stock Exchange Release,ORG
2025-04-24T07:16:00Z,DATE
https://www.prnewswire.co.uk/news-releases/upm-interim-report-q1-2025-good-start-to-the-year-with-actions-to-sharpen-competitiveness-302437066.html,PERSON
Kashmir,LOC
Islamabad,GPE
2025-04-24T07:21:47Z,DATE
2025-04-24T08:30:12Z,DATE
Raymond James Financial Inc.,PERSON
$7.46 Million,MONEY
NASDAQ:NTRS,ORG
the 4th quarter,DATE
Holdings Channel.com,ORG
"72,740",CARDINAL
2025-04-24T08:38:58Z,DATE
Its Secretive Space Project Kuiper Launches,ORG
2025-04-30T18:09:14Z,DATE
100,MONEY
2025-04-30T18:42:24Z,DATE
IBM,ORG
Invest,ORG
$150 Billion,MONEY
2025-04-30T18:42:28Z,DATE
Amazon’s Data Center Expansion Hangs,ORG
Jeopardy,GPE
This 1 Data Center Stock Is,ORG
TTM Technologies,ORG
SANTA ANA,GPE
Calif.,GPE
"April 30, 2025",DATE
"TTM Technologies, Inc.",ORG
TTMI,ORG
TTM,ORG
https://www.globenewswire.com/news-release/2025/04/30/3071917/0/en/Tenaris-Announces-2025-First-Quarter-Results.html,PERSON
https://www.globenewswire.com/news-release/2025/04/30/3071952/0/en/Element-Reports-Solid-First-Quarter-2025-Results.html,PERSON
+85677,ORG
Volatus,ORG
Fourth Quarter and Fiscal Year 2024,DATE
"27,147,414",MONEY
16%,PERCENT
year,DATE
38%,PERCENT
Q4 2024</li><li,DATE
+26243,CARDINAL
2025-04-30T22:04:00Z,DATE
https://www.globenewswire.com/news-release/2025/04/30/3071987/0/en/Volatus-Releases-Fourth-Quarter-and-Fiscal-Year-2024-Financial-Results.html,PERSON
"April, 2025",DATE
"Everett Millman
Content",PERSON
Review,GPE
the month,DATE
Each month,DATE
Survivalblog.com,ORG
Johnson Fistel,PERSON
"Investigates Manhattan Associates, Inc.",ORG
Potential Violations of Federal,ORG
"Manhattan Associates, Inc.",ORG
NASDAQ: MANH,ORG
https://www.globenewswire.com/news-release/2025/04/30/3071999/0/en/Johnson-Fistel-PLLP-Investigates-Manhattan-Associates-Inc-for-Potential-Violations-of-Federal-and-State-Law-Shareholders-are-Encouraged-to-Reach-Out-for-More-Information.html,PERSON
Cotton Slip Lower,PERSON
Month,DATE
"IndusInd Bank
Content",ORG
JWR,ORG
+4193,CARDINAL
134.89,DATE
135.49,CARDINAL
quarter,CARDINAL
quarter Wednesday evening,TIME
"the Three Months Ended March 31, 2025",DATE
BONHAM,ORG
Texas,GPE
KLS,ORG
+14015,ORG
the Fourth Quarter,DATE
Men Inc.,ORG
MENEF,ORG
24,CARDINAL
the fourth quarter and year,DATE
https://www.globenewswire.com/news-release/2025/05/01/3072040/0/en/Mene-Inc-Reports-Financial-Results-for-the-Fourth-Quarter-and-Year-Ended-2024.html,PERSON
Non-IFRS Adjusted Revenue,ORG
discoun,PERSON
as early as this month,DATE
Nikk,ORG
April 30,DATE
Australia,GPE
New Zealand Bank,GPE
2025-05-01T03:15:00Z,DATE
2.25,MONEY
Stay Afloat,PERSON
Hurdles Remain,PERSON
613,MONEY
Record,PERSON
STR,ORG
April 29th,DATE
Petrobras,GPE
Quanta Services,ORG
CMS Energy,ORG
Southern,NORP
Bank of New York Mellon,ORG
five,CARDINAL
Renewable Energy,ORG
MarketBeat,ORG
Made In,WORK_OF_ART
Just a few weeks ago,DATE
Israeli,NORP
Army,ORG
Weeks,DATE
"5,712",CARDINAL
"Paytm, First Games Technology Private Limited",ORG
the Supreme Court,ORG
SC,ORG
2025-05-01T06:20:52Z,DATE
Over 1700,CARDINAL
Rahul Navin,PERSON
the Enforcement Directorate (ED,ORG
the justice s,ORG
Paychex,GPE
2025-05-01T06:55:59Z,DATE
"Over 1,700",CARDINAL
"NDTV News
Publishedat",ORG
ED,ORG
Percent YoY,FAC
Subsea 7 S.A.,ORG
$1.5 billion,MONEY
the first quarter,DATE
10 percent,PERCENT
Subsea,GPE
Convention,ORG
2025-05-01T07:40:05Z,DATE
14.50,MONEY
ATF,ORG
4.4%,PERCENT
4.4 per cent,MONEY
a month,DATE
zwei von Axi Select,PERSON
1 Mio,CARDINAL
USD,ORG
Trader,PERSON
"Australien
Content",PERSON
"May 01, 2025",DATE
Online-Broker,PRODUCT
Devisen,PERSON
Axi,PERSON
Monaten mit,WORK_OF_ART
Stolz,ORG
Axi Select-Trader,ORG
Intel Stock,ORG
Chart Industries Reports,ORG
ATLANTA,GPE
"Chart Industries, Inc.",ORG
"the first quarter 2025 ended March 31, 2025",DATE
CNH Industrial N.V. Reports,ORG
CNH,ORG
CNHs,ORG
2025-05-01T10:31:27Z,DATE
Cameco Reports Q1 Results:,PERSON
Full-Cycle Market Fundamentals Remain,ORG
ANE,ORG
GM Lowers Guidance,ORG
Trump Tariffs Will,PERSON
Up to $5 Billion,MONEY
General Motors Co.,ORG
full-year,DATE
just two days,DATE
as much as $5 billion,MONEY
Preside,PERSON
"Contagion & Containment
Content",ORG
wel,PERSON
"Nakedcapitalism.com
Publishedat",ORG
May Day,DATE
Valerie,PERSON
529 days,DATE
Kangaroo Island Australian Broadcasting Corporation,ORG
FDA,ORG
+10080,PERSON
2025-05-01T10:55:59Z,DATE
+3353,ORG
May 8,DATE
Netflix Bull Put Spread Could,ORG
35%,PERCENT
Singapore Gulf Bank,ORG
SGB Net,ORG
Content: Singapore Gulf Bank,ORG
SGB,ORG
the Middle East,LOC
North Africa,GPE
Advanced Micro Devices Stock,ORG
Hubbell Reports First Quarter,ORG
CT,ORG
3.15,MONEY
3.50</li><li,MONEY
2.6%,PERCENT
$255 million,MONEY
Q1 2024,DATE
basis</li><li>Q1,PERSON
$13 million,MONEY
0.05,MONEY
https://www.globenewswire.com/news-release/2025/05/01/3072282/0/en/Sotera-Health-Reports-First-Quarter-2025-Results.html,PERSON
2025-05-01T11:40:23Z,DATE
https://biztoc.com/x/cc9d2597204d3653,PERSON
GM,ORG
$5 Billion,MONEY
Presi,PERSON
Vizhinjam,ORG
"PM Modi
Content",GPE
Narendra Modi,PERSON
Vizhinjam International Seaport,ORG
Kerala,GPE
ISLANDIA,ORG
N.Y.,GPE
West Technology Group,ORG
Notified,ORG
Equiniti,ORG
https://www.globenewswire.com/news-release/2025/05/01/3072397/25418/en/West-Completes-Sale-of-Notified-to-Equiniti.html,PERSON
Wells Fargo Stock,ORG
https://biztoc.com/x/3e56fb8e9ec5ea7f,PERSON
Apple Stock,ORG
2025-05-01T12:46:55Z,DATE
Paramount Global Stock Outlook,ORG
https://biztoc.com/x/23277ec0623f827f,ORG
2025-05-01T13:08:36Z,DATE
Alphabet Stock Outlook,ORG
https://biztoc.com/x/789def36f8c1d776,PERSON
$4 Billion,MONEY
Amazon’s Earnings,ORG
"100,000",CARDINAL
New Jobs & Massive Rural Expansion,ORG
Satya Nadella’s,PERSON
Satya Nadella,PERSON
fiscal year 2025,DATE
third-quarter,DATE
Microsofts,NORP
2025-05-01T14:25:55Z,DATE
Exxon Mobil Stock,ORG
"Analyst Estimates & Ratings
Content:",ORG
2025-05-01T14:58:20Z,DATE
Universal Music Group,ORG
April 29,DATE
9.5%,PERCENT
Du,PERSON
"the Adjudicating Authority
Content: Directorate of Enforcement (ED",ORG
461,CARDINAL
+3188,NORP
Ample Supplies,ORG
2025-05-01T16:48:28Z,DATE
Tesla Stock,ORG
Lima,GPE
para recibir la cuarta edición de Perú Blockchain Conference,PERSON
junio de 2025,PERSON
Cointelegraph en Españo,ORG
2025-05-01T17:33:12Z,DATE
Xbox,ORG
EMA18=149.65669,CARDINAL
EMA50=149.67175,GPE
"EMA200=149.74739
Candle Pattern: Bounce",PERSON
Stoploss,PERSON
149.64710,CARDINAL
EntryPrice,ORG
149.64700,CARDINAL
149.64300,CARDINAL
20250225_180038_213070,CARDINAL
94.94010,CARDINAL
94.94000,CARDINAL
94.93600,CARDINAL
20250225_180038_262613,CARDINAL
85.62510,CARDINAL
85.62500,CARDINAL
85.62100,CARDINAL
20250225_180038_339089,CARDINAL
1.04609,CARDINAL
1.04909,CARDINAL
1.05039,CARDINAL
EMA50=1.04747,PRODUCT
EMA200=1.04533,ORG
0.57273,CARDINAL
0.57213,CARDINAL
0.57073,CARDINAL
EMA18=1.23456,ORG
EMA50=0.56936,ORG
